{
    "id": "duetPrintGuard",
    "name": "duetPrintGuard",
    "author": "Stuartofmt",
    "version": "0.0.2",
    "license": "GPL-2.0-or-later",
    "homepage": "https://github.com/stuartofmt/duetPrintGuard",
	"sbcRequired": true,
	"dwcVersion": "3.6",
    "sbcDsfVersion": "3.6",
	"sbcExecutable": "/opt/dsf/plugins/duetPrintGuard/dsf/duetPrintGuard.py",
	"sbcExecutableArguments": "/opt/dsf/sd/sys/duetPrintGuard",
	"sbcOutputRedirected": false,
	"sbcPermissions": ["commandExecution", "objectModelReadWrite", "objectModelRead","networkAccess", "webcamAccess", "readSystem", "writeSystem", "fileSystemAccess","launchProcesses", "managePlugins"],
	"sbcPythonDependencies": ["requirements.txt"]
 }
 