{"data.dataset": "combined_ds", "data.split": "vinyals", "data.way": 2, "data.shot": 5, "data.query": 5, "data.test_way": 2, "data.test_shot": 0, "data.test_query": 15, "data.train_episodes": 100, "data.test_episodes": 100, "data.trainval": false, "data.sequential": false, "data.cuda": false, "data.mps": true, "model.model_name": "protonet_conv", "model.x_dim": "3,224,224", "model.dropout": false, "model.dropout_prob": {"fc": 0.0, "conv5": 0.0, "stages": {"stage3": 0.0, "stage4": 0.0}}, "model.cnn_type": "STANDARD", "train.epochs": 50, "train.optim_method": "Adam", "train.learning_rate": 1e-05, "train.decay_every": 20, "train.weight_decay": 0.0, "train.patience": 200, "log.fields": "loss,acc", "log.exp_dir": "results/CNN_SD/combined_ds/1", "args_path": "NULL", "train.save_all": true}
